Parramatta Road Tweets,Clusters
wrong people road quiet back street address parking issues think work need done deal noise emanating building ca build build,5
slow traffic northbound frederick road http,3
heavy traffic road road bold street http,1
check wedding put road nsw shop keepers,2
traffic congestion northbound road,1
road buses delayed 15 minutes due heavy traffic street street crystal street road,5
worst part sydney definitely abundance buses get road,2
cool 40 min bus ride take two european capital cities takes 40 mins get road,2
police allege driver tried evade police stopped highway patrol officers road,2
driver taken hospital allegedly accelerated away crashing rolling car corner road bombay street,5
fully paid dump toll dump nsw sydney road full 24 hours day tolls http,3
heavy traffic road,1
north heavy traffic approaching road,1
ashton stage presence fucking phenomenal love man every bead sweat stage road,2
sarah,4
definitely road first answer,2
olympic logistics centre road guy,2
oh lord road,2
watched woman drive road using thumbs type message,2
publican custom house inn road sydney,2
buses delayed 15 minutes broadway road due heavy traffic,1
road call james,2
road,2
new car park rent road nsw australia,2
developers lose interest building along road delays continue expert says,2
50 shades freed cram valentines missus,4
saw lady smoking eating cereal make road time,2
former strip club road set new life apartments,2
looking east along road auburn road outside auburn north public school,2
auctions city,4
guys actually ventured recently watch boys get stuck road senior journalist belong women day,2
section road alongside congested toll went easily believe,2
tucked away quiet busy road tiny suburb forest lodge,2
freaking flashing bead shop road tonight triggered,2
id agree assessment threatened fringe development visual curtilage road important,2
nsw blocked broken vehicle road underwood road,2
guys quick update today car broke middle major road road sydney phone dead,2
car broken road road traffic banked,1
sydney university viewed road early 1870s,2
tried enjoy weekend cycle use stretch road order reach park drivers obnoxious intimidating done,2
heavy traffic westbound road,1
accident westbound road bridge,2
auburn accident eastbound road,2
know mob know gammon say one side road claim,2
road looking seat bus,2
go around corner check congestion road due tolls roundabout like busy hours cant open bridge residents free community shuttles running wrong hours,2
accident road road road,2
driving road smells like,2
rope chill tomorrow night time place sanctuary road rope bondage,2
famous biscuits road,2
avoiding king road,2
good next trains easy get,4
ideal nowhere near trains road cleveland horrible drive,2
shocked see mi billboard road economy bad people longer afford buy reached level wealth people buying fancier noodles,2
impressive work done activists hung road billboard,2
building fire road causing delays,2
come,4
closed westbound due building fire diversion,4
freak people road glebe morgue,2
wonder road south north basically pennant hills road guess king georges road takes cake ultra congested,2
traffic building road city bound problems set long day roads well,1
happy new year paul thank tweet accessed smart phone presently uniform sized bought fashions road questions please direct melissa welch business manager,2
road contact adrian wu http,3
one left sydney metro area one busiest roads line road,2
heavy traffic road near alfred street,1
times tough notice free food shopfront opened road,2
sydney giving dominatrix talk sanctuary road nsw signing books saturday 3rd february pm tickets likely sell,2
north heavy traffic underwood road road,1
heavy traffic directions crystal street road trafalgar street,5
1 fuck road,2
publican george berry canning tavern road,2
given parts relatively untouched look like bloody paradise prefer road peak hour knock,2
imagine australia like colonisation ideas grim white men never arrived australia shores,4
4 1 week road http,3
road footbridge sydney australia,2
mean road stunning main street banff phone lens standard,5
new oporto road auburn shit,2
ok getting suss players staff coming going road,2
tram good idea,4
tram road glebe point road extend current plans east south,2
let listen,4
steel tapeworm,4
cost,4
traffic road closing early left-wing real estate agents,1
knowledge jack memoirs told kidnapped road drive home auburn one particular night drove home anyway incident,2
told posters went early road confirming headline,2
breakdown eastbound road flood,2
blocked broken vehicle road flood street,5
want see fleet bins sailing road,2
take toll using road avoid toll sydney,2
use need pay get time take road prepared miss game,2
us road,2
heavy traffic northbound wattle street road street,5
good one potential locations sydney peak hour slow tv event sbs include,4
pennant hills road,2
cumberland highway,4
hume highway,4
harbour,4
victoria road,2
come think probably full series,4
old school promotion publicity thanks paul putting sprinter sign road us week promote scott challenge,2
road thai girls http,3
road street library open,5
traffic road postponed right-wing persons interest,1
jerk wins driver day,4
weaving driving dangerously road afternoon,2
drove past poster road older man standing looking see movies tonight hun x,2
open minded right love cats good dogs cat walk across road around local supermarket metal,2
towing toyota car road glaser smash repairs,2
enjoy mind road,2
thanks giving issue attention replacement bus stop road leaves elderly pregnant disabled people attending hospital shelter seats terrible,2
sneaking suspicion three billboards outside ebbing missouri inspired tweet guy outside road car lot,2
new car park rent road new south wales australia,2
accident directions road bland street o'connor street,5
auburn heavy traffic outbound road bombay street road,1
driver crashed traffic equipment suffering medical episode morning road,1
power lines brought car crashed power pole traffic slow directions road near bridge road,1
motorists warned expect delays along road car crashed power pole,2
new post added move relocate immigrate sydney australia road traffic delays expected,1
road traffic delays expected car hits power pole australia,1
breaking major traffic situation unfolding sydney west following crash road,1
breaking road closed directions due car accident,5
wires directions road bridge road,2
hotel five dock topless pub road past ride past every day,2
glebe heavy traffic broadway road harris street,1
glorious road,2
route delayed 30 minutes late due heavy traffic church street road,1
delayed 20 mins auburn due heavy traffic road,1
ca wait vibrant improvement along road,2
great travel first reveal tunnel slash travel times western sydney commuters ca wait opens,4
case wish frosty road hire car washers wests tigers roster,2
events sure lans road next year,2
planning drive buy shoes looks toll time time road looks ticket time train considers changing destination decides shop online cheaper faster,2
road opened formed voice continued improvement upgrade safety enhancements ever 97 years,2
name 2 roads hundreds stadium better spent canterbury money force motorists drive stadium third rate roads issue,4
road concord coming motorway,2
new westbound motorway motorway road north opened weekend access new set traffic lights powell george information,1
accident outbound road bombay street,5
clyde blocked broken vehicle southbound james ruse drive road,2
north breakdown road concord,2
well seen chick driving road left leg seat,2
one week xmas road genius thought good idea,2
accident directions road,2
evidence sydney traffic always sucked broadway looking west 21st december sydney,4
intersection road street viewed park park hall flats still sitting pride place corner great see things change,5
photos collage harvey,4
slow traffic northbound road,1
2 cars collided intersection road good street last night racing urgent call-out,5
road sorted decades ago,2
five dock accident inbound road near arlington street,5
driving new camera catching drivers behind wheel caught eye government effective far outperforming officers patrol one test road snapped offender every 49 seconds 72 hour,2
road new south wales,2
road site auburn home bulky goods retail complex tipped fetch writes http,3
road open earlier hazard cleared,2
auburn road closed due wires local diversions place http,3
yeah use road even city road excellent suggested route resource,2
direct route get alive,4
publican charles douglas uncle toms cabin road,2
slow traffic northbound frederick road,1
heavy traffic road albert street duck street,5
concord man rolled ute crashing power pole road drivers stopped help wreckage debris spread across two city bound lanes taken hospital treated cut head,2
concord breakdown westbound road street,5
much favour relaxing use helmets particularly peak hour road,2
senator david wants australia follow nt example relax mandatory helmet laws http,4
returns rental car pissing rain monday morning road,2
exhales,4
auburn breakdown westbound road,2
accident road great north road,2
broken semi westbound road road,2
sunday afternoon road car park gee tolling 7 km smart idea maybe run government think better way spending money used 7 km,2
walk arena saw docs story road somewhere,2
ill never know managed drive sydney using gps using side roads deliberately avoid road also accidentally ending north sydney time,2
definitely think cops reimburse fare cab related big trap road westbound cutting daft enough driving piss hour,2
wan na know cars road cant wait half second cross almost run,2
wrote closure olympia sydney boo house childhood time called road home,2
memories road,2
lease unit road details http,3
faq fuck making drive road peak hour play,2
state walks away joint study trams road,2
route buses delayed 45 minutes auburn due heavy traffic road,1
know v good day theres barely traffic road,1
travel almost bumper-to-bumper road finished toll small discourage using,2
deterrent going go away finished,4
instead built motorway right along next good bit road see google maps want motorway free paid tolls widened costs money,2
nowhere apparent road piece crap road ca widened allow traffic cars way get many places,1
neoliberal governments hate public transport,4
higher hourly rate road problematic necessary night work,2
monday paid 60 hour half hour trip driver turned promptly treated courteously got route right obeyed australian road rules new norm,2
yeah bloody mongrel cut road one afternoon gave finger lock throw away bloody key,2
met quarter yearling show 20 yrs ago hairs back neck stood disliked mongrel immediately removed show big mouth bad attitude creep see gut feeling right charge lock,4
breakdown road hill,2
blocked broken vehicle road approaching hill road,2
road olympia milk bar forced shut doors good food,2
stuck road drop kid school first definitely within hour look worries,2
located road centre easy access public transport street parking http,3
cant imagine decades living working road soul one shop visit regularly every time arrive frazzled mess,2
heavy traffic avenue road,1
heavy traffic road church street james ruse drive,1
heavy traffic frederick street street road,5
makes road look cute,2
aerial footage shows bumper-to-bumper traffic americans get head start thanksgiving travel http,4
change speed limit road roll dice,2
looks like sydney except road clogged new tolls,2
openly stated uses road,2
know road today,2
wriggling,4
seeing notifications delayed 40 minutes traffic road,1
travel new sensational road avoid toll order ensure profits corporations take hit budget make free,2
heavy traffic road street hay street,5
one day ill take road show glory,2
commercial retail property sale nsw road,2
gets wins councils innovative tram technology proposed 4 chartered institute logistics transport australia award 4 excellence moving people http,4
traffic road knackered fully sick,1
triumphs mirror sydney berry tackle subject road almost unbearable combination noise exhaust fumes factories empty shops note ruins ravaged facades ugliness adds kind honesty,2
wonderful unique book mirror sydney reviewed louis australian http,4
sydney road electric trams plan ease congestion,2
fuck hate road,2
breakdown eastbound road,2
broken truck road wattle,2
transport minister blocks track free trams http gets,4
think hes polo road,2
prime minister watching getting job done honduras,4
buses sydney olympic park delayed 20 minutes due heavy traffic leicester avenue road underwood road,1
way road,2
love flags fantastic road lebanese australian tongan flags front windows,2
bringing sydney road back life http,3
bringing sydney road back life http sydney news,3
20 years road still shit always middle fucking day,2
breakdown westbound road,2
state walks away joint study trams road usa transportation http,3
congratulations team taking home two nsw awards road corridor urban transformation project working http,3
trams road state transport agency walked away agreement inner west council help fund feasibility study running electric trams along sydney road,2
buses delayed 15 minutes due heavy traffic road road,1
trackless needs state walks away study trams road http,3
previously known buses inner west council wants trackless trams like one pictured carry commuters along road http,3
operation nsw walks away potential road solution http,3
state government walks away joint study trams sydney road http,3
union steps sydney university glebe replaced footbridge 1970s sydney history,4
road books penguins geographies modern novels trade,2
congratulations road team 2 awards excellence categories victory best planning ideas large project strategy,2
congratulations winning two road urban transformation strategy proud part team,2
slow traffic road approaching crystal street,1
catch bream flathead sydney along road part,2
heavy traffic road frederick street,1
perth road,2
love good cruise hassle free see congestion road great value money exciting,2
polo road summer hill might b bit pricey tho,2
proud piece wrote road weird weird glory,2
auburn accident road street,5
rush hurtling past road teasing along rooftops finally lego brick shipping containers tarmac,2
many podcasts along road,2
road hard monochrome mode,2
oh done time road many times,2
traffic road knackered heavy rain,1
lease road details http,3
smoky shack road pretty great burgers takes us hour,2
accident directions hume highway road,2
saw randomly walking along road yes guy beeping waving,2
bucketing sydney let battle road begin,2
accident directions road bold street street,5
north heavy traffic road,1
farce so-called fails 2 mention http,4
concord heavy traffic road park,1
breakdown road bold,2
breakdown westbound road great north road,2
kind 4 sydney even mention http,4
know mean cant play street hockey road,5
buses travelling delayed 20 minutes due heavy traffic road streets,1
traffic road time embattled real estate agents,1
happened road corridor reduce traffic ca urban renewal lr road,1
took 90 mins go probably less road,2
cheer least battling friday night traffic road week week,1
2 lanes way road fails shops business,2
3 lanes admission city transport plan failure,4
scrap multilane roads,4
one lane direction enough really need,4
unattractive,4
night road works scheduled road oct info http,3
continue new road good consistent access park,2
always wanted drive one things road giggle,2
traffic road surveillance right-wing activists,1
official road get new apartments draft report shows population,2
crime spree hits glebe park pursuit along road,2
heavy traffic road road street,1
artworks stock art fusion studio gallery,4
31 road nsw,2
road insanely jammed ever tolls introduced commute road turned slog,2
sunset road sunset sydney sydney road,2
every time child dies another bridal store opens along road,2
came road heavy traffic avoiding toll quiet,1
corruption,4
campaign made toxic public believe love western sydney hate tolls,4
university sydney road nsw australia http 4,3
introduced toll turning road permanent,2
bat alert ran across side road shot,2
drive wake grandparents took road oh go,2
takes 5 hours walk distance though road existed back probably quite,2
breakdown westbound road john,2
lot wedding dress shops road morning making feel certain kind way,2
location 18 road nsw river apartment discharge sewage unbearable smell legal,2
five dock accident road street,5
traffic road delayed vacuous real estate agents,1
one road,2
glebe breakdown road,2
west broken truck westbound road telopea avenue,2
wonder loved glamorous drive road,2
quite downtown mopeds,4
nice thing undulation ridges valleys restoring channels great project,4
pole drive road,2
people cars directing cars using cars chosen purposes cities,4
75 public space 95 street frontage given car place people,4
terrible always found road traffic funnel good business people,1
1 kilometre passed another pedestrian cut 3 times turning cars,4
oasis massage road nsw http,3
great erotic massage road http,3
global vintage road super nice ever bad experience know nothing,2
sydney,4
abstract,4
edit ticket inspectors stopping westbound buses road team keep eye,2
posters intersection road 4 ways intersection,2
corner road roads morning,2
road fucked everyday,2
road last hour moved u traffic,1
clyde train crossing lights malfunctioning directions road marsh street,5
clyde changed traffic conditions road marsh street,1
auburn broken truck northbound road road,2
caught speeding red light camera road desperate drunk daughter,2
mad monday starts tonight road,2
okay vote road around fuck bigot scum,2
blocked broken vehicle westbound road western motorway,2
breakdown eastbound road approaching frederick street,5
publican senior rear admiral duncan road district,2
follow gps know area,4
guy wan na take road exits,2
road piece shit worst road au,2
cross road instead road peak hour,2
road oldest pubs sunday drive along road took us rediscover sydney oldest,2
imagine woke tomorrow road fixed,2
curious concrete extreme heat exploring road ventilation facility part http,3
road need wedding shops,2
forest lodge blocked fallen trees road approaching ross street,5
traffic congestion eastbound road approaching bold street,5
see congestion road,2
worst choke points australia fines force trucks new tunnel http,4
five dock broken truck westbound road road,2
yeah ease congestion road reducing one shared lane trucks cars buses adding light rail,2
west blocked broken vehicle road road,2
sydney people ca afford toll well road side streets car parks getting olympic park good,2
fair rest crowd still stuck traffic road,1
good easing congestion road toll working treat,2
walk past road literally keep walking,2
buses delayed 20 minutes due heavy traffic concord road leicester avenue road,1
perhaps creeped tweeted saying saw road,2
car rear-ended cab sydney road traffic starting build cc,1
traffic road stuffed controversial financial advisers,1
traffic congestion outbound road approaching road,1
slow traffic southbound booth street road road,1
sunset road,2
auburn broken truck road approaching street,5
still using going road,2
team discuss road ventilation facility wednesday,2
man stabbed buttocks stolen robbery road,2
sold auctioneer road day real estate auctions,2
get cancel put light rail road cars trucks going go,2
huge throng road west watching stunned,2
shared path exactly cyclists pedestrians certainly wheels chair users thrown road park,2
one convincing road,2
really bad week car yard road tie red balloons cars,2
beat tolls afternoon gridlock road go http,3
government make road tolls well cause mayhem,2
road use tlc though,2
according nsw government website average speed road 10 minister know estimates,2
min stuart says know average speed road portfolio,2
nsw auburn blocked broken vehicle northbound saint road road,2
liked video http shit see road typical,3
welcome sydney traffic manic road,1
sydney finest short stay boutique hotel located road discreet parking entry,2
traffic congestion road approaching street,1
forest lodge heavy traffic ross street saint johns road road,1
road half,2
fire street south road,5
one road remember going kid,2
hello front road sydney playing sunday new trio mandate,2
someone painted swastika building road building empty remove cover,2
auburn heavy traffic westbound road saint road bold street,1
single sided east tunnel section concord part underneath road sydney,2
traffic road buggered organic real estate agents,1
line close due light rail tracks except clyde road section,2
finally discovered terrifying road peak hour,2
supposed http,4
hello,4
want update performing lady hampshire hotel road sunday 27th august,2
many times hear shit road becoming sydney,2
famous auto alley set redevelopment exclusive report tonight,4
take long rip peter mitchell victim increased traffic road direct result,1
one better heart attack close road concord die blame liberals,2
road shit fight morning,2
good morning lettuce rejoice,4
get cardboard box road,2
route delayed 30 minutes auburn due heavy traffic road,1
give us shoot road bumper bumper make success many people ca afford,2
clear run one week toll introduced road,2
heavy traffic link road road victoria road,1
west accident road centenary drive,2
nsw ca pick good team certainly ca manage roads imagine putting toll ruining road good,2
looked like incident funny accurate funny,4
well well predicted tolled road,2
road redevelopment plan,2
wrong hoping sydney gale collect sumo send rolling road yeah probably,2
windy,4
road north call frank http,3
bless wind nearly became roadkill road,2
glebe traffic lights blacked directions road,1
accident road luke avenue,2
incompetence new toll funnels motorists sydney road,2
place toll road use proceeds pay,2
planners aus capitals favour roads economic benefit favours rail editorial http,4
said happen widening put tolls traffic go back road,1
city epic drive tolls take scenic route road,2
feel like check 6 epic drives world http travel,4
read article today regarding increased traffic road due new toll road option inc traffic,1
sister sob sob race bike mini along road town,2
road disaster,2
place road worth damn,2
heavily regret taking road home,2
sydney surprise surprise new toll funnels motorists sydney toll-free road http,3
always take road work always traffic,1
please run sign boards along road reminding people traffic standstill brought liberal party,1
road open please allow extra time traffic still heavy,1
clyde marsh closed due railway boom gates stuck,4
road concord call adrian wu http,3
thought stuck road,2
traffic road insane normal,1
road going nightmare ca blame people though tolls significant thinking using,2
poor road tolls effect yesterday,2
imagine traffic spill,4
today installment inevitable new toll funnels motorists sydney road http,3
liberal failing nsw traffic increased road due motorists avoiding new toll http,3
heavy traffic northbound road road road,1
traffic lights flashing yellow directions road bridge,1
turns people using road instead paying new toll nsw government fail like http,3
tolls congestion road good job nsw government,2
road packed,2
empty taking road road making road two hours late,2
got church street switch road avoid toll morning hope get crabs,5
frustrating start new toll road choked today,2
rip road,2
welcome back road sydney policy tolling roads fucking disgrace,2
road currently moving 1 metre 10 minutes thank,2
drivers clog road avoid new toll,2
one day drivers opt congested road paying newly introduced toll,2
road city west concord road,2
new toll funnels motorists sydney road,2
new toll funnels motorists sydney road http,3
avoid road new toll turns disaster,2
tolls great success already road jam packed 24/7,2
traffic like road,1
empty church street bay drive drivers avoid tolls road heavy,5
aerial view road vs toll introduced last night http,3
clyde heavy traffic road new toll began midnight http,1
accident road great north road taylor street,5
big plans coming road,2
perfect time invest become apart new growing community,4
back road,2
toll returns tomorrow western sydney drivers forced pay toll road 43 years,2
road rescue control one appliance district 14 rescue,2
road rescue going district 14 rescue,2
3 improvement road boulevard city state government least moving things forward,2
toll driving missing lights vs petrol time spent driving along road cost may end high,2
tom melbourne spotted road near still stuck traffic,1
breakdown road,2
heavy traffic road road,1
road fans try get game,2
road smell like bacon,2
government spend million road neighbourhood upgrades http,3
blocked broken vehicle westbound road west street,5
sydney tolls road http,3
remembering lived road saw ex new side ho demanded get fuck street,5
sad planters along road,2
buses delayed 20 min broadway road chippendale due heavy traffic,1
another bus failure stranded road asked alert issued pick us met blank stare,2
road sydney,2
make alexandria unliveable boy road see vandals,2
slow traffic southbound street street road,5
saw des drive road getting sliders,2
least going home satisfied,4
connection speed road nsw better send letter use email,2
52 road http,3
road http,3
auburn stalled bus westbound road northumberland road,2
nsw breakdown eastbound road flood street,5
new car park rent road concord new south wales australia,2
use boat western sydney raids towed road show force,2
accident road street,5
five dock breakdown eastbound road approaching harris road,2
catching people bus road sunny sydney winter day glorious,2
road light rail shelved intermediate transit still table http,3
west heavy traffic inbound western motorway bay drive road,1
buses travelling delayed 20 minutes railway parade road road due heavy traffic,1
west heavy traffic western motorway bay drive road,1
nsw boat fishing sydney,4
save thousands brand new boat,4
secure deal new boat,4
thousands brand new boat,4
visit us road next 3 weeks http,3
five dock broken truck westbound road near road,2
road got car dealerships add visit bucket list,2
thinking insanely hard sydney band name playfully referential road band,2
road point full state government statement http,3
road shops http,3
anti people know difference road,2
road tram plans developed scrapped http losers lacking logic,3
stop lantern procession road,2
road filthy traffic worst road australia needs light rail,1
drove past record store went road last night sad empty weekend plans nothing farewell drinks,2
road light rail honestly think viable good use public funds route services buses,2
australia road tram plans developed scrapped,2
great news detailed plans light rail line along road linking sydney central business,2
breakdown westbound road west street,5
said improving bus frequencies road opening stage 1,2
asked plans case studies projects include light rail road,2
road tram plans developed scrapped shortsighted http,3
sad cancelled light rail really road worked properly,2
road baby http,3
road light rail project longer go ahead,2
nsw really hate public transport road tram plans developed scrapped http,3
state plan sydney light rail future dec,4
road tram plans scrapped http,3
great article road light rail absolutely astonishing scrap sydney needed,2
road tram plans developed scrapped http,3
give turnkey project running soon,4
sydney road tram plans developed scrapped,2
road light rail developed scrapped,2
road tram plans developed scrapped congestion loving,2
http,4
road tram plans developed scrapped,2
well make community unhappy,4
black toast booth also pub coffee shop front room empire hotel corner johnston road,2
auburn hazard westbound road street,5
trucks blocking three lanes traffic road footpath closed park building,1
little road commute,2
road around,2
buses concord delayed 15 minutes due heavy traffic road road,1
breakdown eastbound road frederick street,5
forest lodge accident road ross street,5
traffic road stuffed embattled dickheads park clearways,1
rope chill tonight place time 3 3 3,4
tuesday sanctuary road,2
driving sydney road almost shat process,2
true accepted crooked sidewalks house road defeat shoe leave aching feet,2
apparently us motorway users free option using alternative routes thanks advice road,2
road clear please way olympic park,2
sort fucking road,2
f road traffic moving sort,1
auction tomorrow,4
saturday 15 july,4
one nine secure art deco,4
traffic road time colourful protesters,1
thinking running couple rolls film shop road glebe worth try,2
open inspection,4
wednesday 12 july,4
boutique setting quiet http,4
university sydney main quadrangle viewed road http,3
sydney view road university sydney http,3
view road university sydney sydney,2
canada bay heavy traffic outbound road great western highway swan avenue,1
heavy traffic westbound road lucas,1
buses delayed 15 minutes due heavy traffic road street street,1
breakdown westbound road near johnston street,5
new south wales live five bedroom house road bus,2
slow traffic eastbound frederick road,1
right done road,2
road motorway,2
patience drive safely road bus morning,2
heavy traffic directions road bold street due two car crash,1
mood ticks afternoon thunderstorm road traffic,1
sources suns pursuit turning use cap space absorb dumps paired w assets open moving vets going young,4
road hell fuck people drive city,2
way sold land earmarked motorways turning road horror,2
know bits road la entire city,2
flag shop road called flags fantastic fantastic,2
road iconic,2
road noisy ca hear think blissful mental silence,2
heads due road end powell street closed tomorrow http,5
traffic lights flashing yellow road bridge road,1
one along road,2
traffic road hipster breakfast radio announcers,1
opens 2 lanes road become bus lanes trying funnel much http,3
burst water main eastbound road,2
five dock accident eastbound road approaching street,5
university sydney trams road sydney http,3
accident westbound road bombay street,5
road electric trams,2
increase tolls increase traffic road reduce,1
guy pushing car road pulling plodding along,2
proposal build twin tower one last undeveloped sections road http,3
bus services delayed 15 minutes broadway road due heavy traffic,1
road auburn traffic,1
government spend million road including neighbourhood upgrades http,3
great see road finally given much needed love,2
delighted working six local councils help transform road corridor http,3
delighted working six local councils help transform road corridor,2
upgrade road announced every year long remember promises http,3
road area receive million dollars worth,2
road wow finally even go way u never hear good things road,2
state government spend fixing road open spaces larger parks,2
another plan never implemented,4
yet west nothing bottleneck express way road,2
government spend million road nsw news http,3
australia ugliest road corridors nsw budget road transport http,3
hello please buses along road weekend main arterial pitiful,2
broken truck westbound road,2
car fire road,2
alert coco republic warehouse clearance,4
weekend,4
60 road auburn http,3
testimonial road david smith,2
david team http,4
book test ride today,4
contact us,4
accident eastbound road street,5
traffic road controversial protesters,1
5 sirloin steak today find better deal cheap beers come game pool road,2
7 news petrol stations provide public toilet facilities many toilets available public use along road,2
west accident westbound road telopea avenue,2
lanes open road street earlier car crash traffic light,5
road street car crash closed 2 3 westbound lanes eastbound lanes open,5
actually plenty excuses roads road king street downright dangerous areas,5
visiting old friend road,2
rope chill every tuesday sanctuary road come play 3,2
two three lanes closed road street due crash traffic queued around,5
road traffic waiting long long long time,1
spotted bakery starving stood road eating pie,2
tweet proves know talking road ends open google maps educate,2
buses delayed 20 minutes broadway road due heavy traffic,1
summer hill flooding road,2
wonder ever deal road peak hour fucking mayhem,2
north blocked broken vehicle southbound concord road road,2
traffic lights flashing yellow road road,1
checked come see road http,3
hi guys opening fabric store need someone help measure roll fabrics,4
location road lei http,3
traffic road rooted disgraced former protesters,1
buy rent used sell first antique shop side road,2
let know fill potholes road,2
traffic along road returned normal earlier crash near james ruse drive,1
clyde lanes reopened car struck pole near james ruse traffic still extra travel time,4
imagination road becoming little bit cool days part cool shops,2
auburn breakdown eastbound road street,5
traffic road slow ass truck drivers absurd,1
friday may 18 sydney chamber commerce convenes conference growing roads problem road worst nsw,2
accident road bold street,5
traffic road subject changed traffic conditions vacuous property developers,1
go see bloke middle road auburn beast owner,2
school modern australian politics located auto alley road sydney,2
road dogs breakfast avoid,2
riding bus old ladies telling history road literally amazing one even knitting,2
five dock accident road near byron street,5
accident directions road concord road,2
500,4
check road http,3
avoid entrance western sydney side motorbike accident ambulance cops site traffic backed road,1
trucks current dive site clogging road,2
come quite clear long road current state need http,3
road renamed river,2
reckon time move,4
hope including famous olympia milk bar road,2
warning speed cameras along road,2
think take night friend,4
update school routes inner west southern sydney limited buses tonight road,2
breakdown westbound road road,2
ca bus services along road strike,2
plenty replacement bus services along road,2
bus drivers strike inner west still buses running road mine blasting,2
accident road underwood road,2
holy imagine traffic road tomorrow people usually catch bus drive work,1
colts match report round 7 holmes,4
took battle driving along road concord,2
concord breakdown eastbound motorway road,2
concord car broken road causing heavy traffic conditions one eastbound lane closed,1
slow traffic westbound road,1
warehouse studio work space studios,4
road nsw,2
traffic road,1
make short trip road weekend face another super saturday,2
buses travelling delayed 15 minutes due heavy traffic road street street,1
next automotive mechanical repairers division meeting held tonight house road,2
bet privatisation bus services completely fix road magic market tm,2
inner west sydney bands know need name drop road songs,2
feel like walking past road bridal shops every morning prepared moment,2
cant trust public goodwill sell tech channel full first job road used cars,2
auburn accident westbound road duck street,5
concord heavy traffic road,1
olympic park pretty easy get auburn road,2
man left head injuries fight involving two men hotel road morning,2
olympic park delays westbound road,2
ok cool need rush traffic horrid road,1
tonight attended far strangest pub trivia life hotel road,2
auburn nsw,4
entry street south,4
buses delayed 15 minutes summer hill due heavy traffic road,1
come see bill shorten bill shorten road stand every car sell guaranteed,2
vehicles ca take train benefit instead road extended,2
thanks city rail nowhere stage track work huge traffic jams road,1
road delight,2
fancy one road,2
buses travelling broadway road longer delayed heavy traffic earlier,1
clyde accident eastbound road street,5
stalled bus southbound street road,5
accident eastbound road road,2
read cumberland council planned road corridor visit,2
guessing one told fire brigade street blocked road october,5
development halted road widened first,2
sold auction recent sale,4
road concord,2
1 bed http,4
drive sydney along road round get,2
shout recently opened new section greenway street road http,3
developers lose interest building along road delays continue expert,2
carter page looks like selling 2nd hand cars road,2
saw james riding bike road realised james,2
yeah well road lately tried get past,2
trump looking carefully australia infrastructure program model http,4
sunrise anzac day washing road golden light australia,2
traffic road expensive free-range heavy rain,1
auburn road road 1 3 southbound lanes closed due car fire exercise caution,2
debris westbound road cardigan street,5
train station walk north ground right hand side get road,2
north traffic lights flashing yellow road george street,1
sold road concord agent auctions property,2
junk shop road,2
unloved monoliths modern buildings road occasional,2
traffic road proof australia needs adopt new zealand traffic system,1
auburn breakdown eastbound road road,2
evolving road precinct set attract development market homes jobs http,3
truck broken leicester avenue road left lane closed heading south heavy traffic conditions,1
autumn sunset corner crystal street road australia,5
driving option road peak hour,2
1 3 westbound lanes closed road approaching due broken truck traffic,1
mitchell moses free take last tackle options way road forever,2
moment realise third world countries build maintain roads better sydney,4
road prepare,2
road 2nd january taken forensic police traffic http,3
road scene fatal accident involving taxi pedestrian broadway near th http,3
buses delayed 20 minutes due heavy traffic road road,1
going road traffic,1
concord closed eastbound church use road,2
west accident outbound road near centenary drive,2
buses returning time delays due heavy traffic road street street,5
one rainy afternoon days ago road took 30 minutes 2 get past sydney 2 city road turnoff,2
probably development equitably distributed see road corridor line corridor,2
breakdown southbound road king edward street,5
west breakdown westbound road,2
liverpool road intersection like breath testing,2
chevy impala seen road today,2
chevy,4
trams transform road http,3
collision involving bus westbound road street,5
nards storage http,4
government precisely accuse government pushing cars road,2
demand government reduces number cars road increase public transport,2
bacon patron saint opposing bus lanes road,2
buses better sadly forcing people pay tolls,4
posted photo road http,3
accident road avenue,2
accident eastbound road flood,2
road hurdle get past,2
clearly driving road,2
electric trams proposed road http,3
also theres large salvos store road one main far,2
road traffic going make late class mark talking us ca late mark,1
serious crash involving truck motorbike westbound eastbound westbound drivers urged use road instead,2
closed westbound due severe crash truck motorbike west diversion road,2
road photo,2
stuck peak hour jakarta known world worst traffic still bloody breeze next road,1
ferries cruising road,2
planners clue public transport plan road,2
driving home work smooth sailing get road near five dock car broken couple,2
communities across road,2
aptly named road bag shit like,2
solution gets http,4
auburn traffic lights flashing yellow road station road,1
accident road,2
heavy traffic westbound road road,1
tram solution proposed road,2
gets http,4
buses five dock delayed 20 minutes due heavy traffic road great north road street,1
may significant changes along inner west main transport route road one,2
sydney university road sydney history http,3
public transport plan road,2
think saw pirate road,2
road fancy useful http,3
ask traffic road well worse ever,1
senator asks supplementary question immigration impact housing demand prices,4
electric trams transport solution road less like long bus batteries http,3
artist impression project falls within road urban transformation area http,3
sydney road electric trams plan ease congestion http adelaide,3
rush build trad trams trackless trams pitched sydneys road,2
cheaper still road close sydney city city locations states http,3
road back news meet challenge road http,3
trackless trams pitched sydneys road,2
public transport plan road http,3
limited understanding road able support metro 2,2
everywhere call bus,4
electric trams proposed road,2
like geneva barcelona luxembourg trams magic bullet http,4
ca wait trams buses road,2
road plan absolute waste money demographic study road users,2
going push road future ivory tower inhabitants wake clown,2
trams proposed road,2
plans transform road taking 2 centre lanes electric buses,2
ms premier idea road envision trams regional areas growth,2
road become champs inner west treated like incredibly valuable resource actually,2
get behind road public transport plan think matters hugely one,2
pick one,4
road trackless trams,2
road solved trams,2
sydney road electric trams plan ease congestion abc online,2
new plan road featuring narrow guided electric transit vehicles narrow light rail rails announced today,2
gradually driving wall talks trams fixing road road already full buses,2
word bus make appearance article photo captioned trackless tram http,4
trackless tram dedicated bus lane middle road way passengers get kerb,2
seriously fix road traffic put buses middle road call trams,1
sydney road electric trams ease congestion http tram bus,3
track free trams road,2
city canada bay backing road public transport solution trackless trams centre corridor http,3
breakdown wattle street wattle road,5
track free tram faster bus runs middle road safe passengers,2
heard looking feasibility laying tram tracks road,2
thought bubble,4
take road,2
breaking announcing plan trams solve traffic jams road http,3
first look tram idea middle,4
changer calls electric bus transit system city,4
cool convoy buses towing road watch,2
considers trams road http,3
trams shuttling passengers along road within next five years,2
electric trams proposed road simple idea far tested european ones http,3
5 infrastructure goes road must come expense movements fantasy,2
including significant hills part road,2
tram tracks wires bus might part solution road first must bulldoze inner west,2
public transport plan 4 road good idea,2
however suspect rail road 4 permanent pops,2
electric trams proposed road http sydney,3
public transport plan sydney road http,3
australia electric trams proposed road sydney morning herald http business,3
electric trams proposed road http news brisbane,3
accident eastbound road bridge road,2
reckon ever bought wedding dress bridal shop road,2
traffic road surveillance overpriced activists,1
collision westbound road road,2
casual road wear happy night world,2
driver know get road street turn left,5
two things love,4
1 road specially raining,2
2 sarcasm,4
traffic road so-called sick,1
hood enjoy beautiful road,2
fan driving maybe steer clear road also currently river,2
ever worried road,2
morning every asshole road,2
news sydney twitter toll using road http,3
free road like road banked traffic,1
toll using road victoria road avoid toll,2
area developed little photo taken great shot road 1900s http,3
explore road,2
carnival cultures,4
tomorrow sunday 19 march,4
park corner road http,3
closed collision road liverpool road,2
new car park rent road new south wales australia http,3
sydney concord coffee http,4
last time saw hit like behind driving road,2
10 weekend home clearance auburn 100 road auburn nsw,2
buses travelling chippendale delayed 20 minutes due heavy traffic road broadway,1
road reopened directions traffic queued three kilometres direction,1
road closed directions,2
clyde road closed directions boom gates train line stuck clyde,2
road closed ways consider traffic also heavy,1
clyde rail boom gates stuck near marsh,4
traffic signals road james ruse,1
1 3 eastbound lanes road due truck breakdown approaching harris expect delays,2
north 1 2 eastbound lanes blocked near powell due breakdown traffic queued use road,1
eastbound delays road near church easing following earlier truck crash,2
westbound traffic road easing near street following earlier 2 car crash,5
blocked broken vehicle road road,2
crash westbound traffic banked back road,1
sunday 19 march,4
north blocked broken vehicle inbound western motorway road,2
fire street road bruce,5
mum singing blocking traffic road,1
mum,4
accident road heading away city wattle street expect delays,5
traffic chaos caused accident near concord road,1
traffic road time racist kale,1
traffic road rooted halal real estate agents,1
wet start day shoes ruined,4
advice parents always put billboard road put,2
fail public transport system sydney road,2
traffic road narrowed four lanes expected worsen significantly,1
public transport metro road toll roads induce traffic public transport quicker reduces win win,1
genuine question alternative road pretty dire,2
accident road near subway lane cleared,2
cyclist seriously injured hit bus road,2
road clear way peak times,2
2 3 westbound lanes road closed due bus cyclist crash,2
wan na go swim road,2
sydney university looking west road right sydney history http,3
calls progress light rail road plans go smoke greens,2
draft road urban transformation strategy released nsw government,2
appreciate sex shop top bridal store road,2
accident road near road,2
early concept design site falls within road urban transformation area,2
needs go soon developed areas sydney road asap,2
taking big messy dump bridge hanging road suddenly become item bucket list,2
cheat driving road every day great egg hatching,2
despise road,2
traffic road expensive halal,1
breakdown outbound road liverpool road,2
park road http,3
road worst road sydney sydney traffic,1
lease unit road details,2
pennant hills road cumberland highway road north,2
another car got rear-ended two cars ahead us looked serious stupid traffic jam road,1
stuck road car park fucking brilliant,2
accident road road clear,2
road rescue going one appliance district 14 rescue http amp amp amp,3
beautiful rust paint bug patina road,2
road disgraceful condition sydney sun http,3
broken truck outbound road street,5
sign petition light rail road http,3
exactly happening road,2
road near slash checking tires sign duff miss,2
road 10th february history sydney http,3
road 10 february originally story dirty approaches sydney photo,2
7 news hunt driver left man injured road http,3
opened another used car site road,2
visit showroom market great quality used vehicle,4
police hunting driver silver involved hit run road,2
coco red palace road nsw http,3
road creeping along lane astounded flying past,2
road flooded hope car swim well,2
nsw weather news flash flooding road flood street comments pointed http,3
flash flooding road flash flooding road http,3
advise passengers find alternative route,4
impressive flash flooding road sydney today severe thunderstorms http,3
sydney needs flooding road every time rains mean look,2
say along road rain stopped surprised floated ingress,2
flash flooding road http,3
anzac parade victoria road fucked,2
get house today http,4
flooding flood street road,5
sydney video,4
nsw flooding flood street,4
flash flooding road flood street http,3
nsw weather front office morning road summer hill pretty chaotic http,3
traffic ways road flood street affected due flooding,1
flooding affecting traffic person trapped car corner road flood street,5
lists road anzac bridge james ruse road areas affected wet weather advise caution release,2
road looking little flood,2
kinda moist kinda damp kinda soggy,4
slow traffic road,1
blocked broken vehicle road luke avenue,2
west accident southbound centenary drive road,2
broken truck northbound road road,2
love broadway neon sign night creative precinct art,4
big plans road sydney read,2
road reopened crash news http,3
inn road,2
anti people think public transport mean trucks use road anymore,2
lanes directions reopened road five dock bus services delayed 30 minutes,2
news car crash brings sydney power lines car crash brought power lines road http,3
major delays tonight road car hit power pole leaving wires across road westbound lanes closed,2
road backed harris five dock frederick,2
accident westbound road road,2
accident road five dock car smashed power pole police scene injuries 1st glance,2
clyde accident westbound road james ruse,2
lady hampshire road discovered last night,2
road non structure going one appliance district 14 http amp amp amp,3
taking regular class look window like road,2
road rail overpass,2
road fabulous,2
overseeing beautiful view road idea dinner yesterday,2
road full police optimistic see,2
crossed road today suffered street tree jealousy fever hospitalised felt trees,5
close stations like also road buses,2
new car park rent road auburn new south wales australia http,3
broken truck road lavender street,5
stalled bus road near nelson street,5
sydney number 1 clearly seen road,2
worlds 15 admired cities http,4
road cactus full stop,2
sydney traffic diverted road westbound around summer hill http,3
truck accident causes delays road http sydney news,3
breaking truck accident causes delays road,2
unit 4 road auburn got told ticket purchased,2
traffic diverted road westbound around summer hill sydney,1
drivers advised avoid road due truck accident snapped power pole brought wires,2
road sydney good city,2
demolition road roses emporium august 24 sydney http,3
accident inbound road approaching railway street,5
accident northbound church street road,5
accident road near street,5
morning headlights,4
morning car lights urban city,4
dark angel,4
reaper art texture sydney photography,4
top rated garden lodge sydney road nw,2
think able breathe going pics like road,2
changing name lucas brown,4
motorway goes road great western highway,2
broken truck outbound road road,2
blocked fallen trees road road,2
road temporarily closed street road crews remove fallen http,3
university sydney main gate road street,5
west traffic lights blacked road road,1
manage road queen,2
traffic road fully breakfast radio announcers,1
string lebanese along road know like blacks,2
tunnels joined project director johnson tour westbound lanes 30 metres road,2
clyde accident road street,5
blocked broken vehicle road street,5
accident eastbound road bland,2
breaking motorcycle accident closed two three westbound lanes road,5
limits road still fair bit developments areas,2
traffic road time left-wing property developers,1
honestly fuck road,2
accident street street road,5
setup sydney anarchist fair back books today road http,3
road fucked night,2
sydney thinking using road today vehicle bother quicker walking,2
sydney factory outlet open 51 road nsw,2
road urban transformation strategy details http,3
buy bikes,4
looking sell bike come see us,4
road give wade scott http,3
shanghai delhi hell road,2
wish seeing life ill tonight 7 chances avoiding traffic road getting 0,1
broken truck westbound road great north,2
road better,2
road bus driver passengers pulls road,2
maybe forty years time fashionable restaurant based diesel road bus,2
food truck weekends concept taking road starve,2
deliver side road,2
thank thank,4
photos taken baby fairy penguin found trapped drain near road,2
road contact frank li,2
men tracked bird three hours waddled canal busy road http,3
baby fairy penguin found trapped drain near road soon returned wild,2
clyde train arms road james ruse drive,2
tomorrow friday night studio drinks road nsw welcome http,3
beautiful road sydney travel australia,2
lease level 3 road details http,3
wall veteran fig trees victoria park broadway wonderful trees along road,2
summer hill breakdown eastbound road,2
featured space day secure parking road nsw,2
traffic road buggered halal sick,1
love road ca get enough,2
nsw government create road cycle lane sign petition http,3
end oldest road sydney road,2
road become vibrant urban corridor,2
ever driver got lost drive road,2
breakdown eastbound road harris,2
road urban transformation strategy http planning sydney,3
hurry visit store road,2
great bargains exclusive designer fabrics http,4
burst water main outbound road near street,5
traffic road colourful,1
posted photo road,2
breakdown westbound road crystal,2
wonderful concepts urban strategy taking shape,4
need somewhere 20 minutes ago get every red light road,2
breakdown outbound road road,2
worse road,2
lady hampshire hotel road opened business lady acquired,2
gave dream thursday night messina magnums road,2
bad propaganda seen road sydney,2
highlight stuck road john voice came blasted 2 cars join,2
fun,4
lessons convention centre planning raise hope fish market road agility http,3
broken truck westbound road street,5
road urban transformation strategy http,3
traffic road closing late right-wing,1
good morning sydney,4
sunrise sydney australia http,4
road sydney history,2
road always like,2
experts obviously think road fine,2
ever driven road,2
road 31 billion rede http plan transform sydney construction australia,3
road australia also known beirut bad day road,2
road corridor always carry bulk every type transit seems,2
north accident concord road road,2
checking unique cars,4
skyline ford bronco mini road,2
glad road really loud busy let massive burp,2
join road 9 found,2
9 na go play road,2
blocked broken vehicle eastbound road bold street,5
road get facelift,2
plus sure lines road precinct,2
road housing reduction proposed levy slow development,2
road redevelopment released,2
latest plan road corridor announced yesterday transformation,2
road long awaited plans revealed http,3
homes slated road http,3
road housing reduction proposed levy slow development http,3
concord broken truck westbound road,2
infrastructure concerns follow road 31 billion redevelopment plan,2
bad day road defies efforts improve http,3
big plans population lives road expected increase,2
bicycle track along road vision already failed starts 39 billions,2
infrastructure concerns follow road 31 billion redevelopment plan http sydney news,3
31 billion transformation plan road details,2
revamped road look like answers,2
change road,2
transport change http,4
bad day road defies efforts improve,2
bad day road defies efforts improve http abc news,3
road transformed urban paradise says daily telegraph http,3
great see talking housing solutions new homes road enough,2
great news road urban transformation strategy includes affordable housing target,2
nsw federation media release new affordable homes lifetime renewal http,4
road housing reduced jobs included new plan sydney west http,3
road tough location planning minister rob stokes announce improvements region,2
nsw transform sydney,4
really need road though complete hole,2
cause loads traffic road,1
surely better storeys completely dead stretch road,2
road turned congested nightmare urban paradise 31 billion upgrade,2
road plan http,3
new homes road affordable good enough inclusive fair,2
based headline housing targets affordable new homes built road redevelopment http,3
road housing reduced jobs included new plan sydney west http sydney,3
oh another plan revamp road colour astonished,2
sydney road finally get makeover http,3
plan turn road urban paradise http,3
yeah road,2
perennial sydney yarn road become nice place really,2
based headline housing targets affordable new homes built road redevelopment,2
road 31 billion redevelopment plan transform sydney http,3
road upgrade,2
nsw government released final form strategy transform road http,3
really expect remove many cars road paid,2
road get homes 31 billion makeover http,3
road 31 billion redevelopment plan transform sydney sydney morning herald http,3
road 31 billion redevelopment plan transform sydney http sydney news,3
spend night reading encounters people patronised olympia milk bar road,2
sun sets road frank pizza bar restaurant,2
headache hot road many loud vehicles apparently mood,2
kicked one corner road,2
little nautical christening collection,4
shop 2 road http,3
see red modernism slated 4 demolition,4
accident westbound road great north,2
fill buster,4
accident road george street,5
road incident going district 14 http amp amp amp,3
new arrivals also sale continues store 135 road,2
including orders laybys,4
maintenance westbound road crystal street,5
property week road,2
available stylish european,4
accident westbound road liverpool road,2
sydney developments road nsw http,3
road kind mood experiment subculture walked pub full goths,2
picked fresh orchids today road beautiful,2
digitally enhanced special event desperately seeking,4
reading cinemas,4
100 road http,3
closed eastbound carriageway motorway road road,2
mon 31 oct fri 4 nov,4
road closure road info http,3
http two road adjoining yards choice two prominently located side side http,3
oh look another cab driver trying take anzac bridge instead road new,2
nobody talks road divide inner west real rich live north,2
think right cooks river becoming kind cultural dividing line road used,2
new arrivals cocktail dress road,2
135 road half price sale continues http,3
traffic road surveillance hipster ongoing police operations,1
u remember 5th twitter tweet driving 12 tinny road 3 years ago,2
sure,4
half price sale continues store 135 road,2
including lay-bys orders,4
including http,4
strikes sydney summer trio available cellars road http,3
sydney developments road nsw new http,3
ironic businesses italian forum closed due noise complaints yet road,2
thursday oct 27 conversation begins,4
footbridge theatre road university sydney,2
sydney event professor john international law failed palestine,4
listen crime podcasts walk associate road three thousand different murders,2
pedestrian hit car road overnight http,3
vehicle get traffic issues road commute day hope well,1
driving fully booked except customers casual parking follow signs ground,4
http stick shifts automobile road 7 single records,3
tooths brewery broadway sydney,4
pics humans road photo credit dylan jones mc adam norris actors joel http,3
half price sale long evening dresses 135 road 50 original http,3
buses travelling delayed 15 minutes due heavy traffic road http,1
man charged death elderly pedestrian road http,3
traffic road closing late overpriced,1
found fuel cents road hopes finding lower prices prices seem http,3
two turning lanes instead 3 road starts sunday prepared people concord,2
road end past shit,2
announcement second premises road underwood,2
new premises road underwood call us drop see upgraded premises,2
storage moving,4
buses delayed 15 minutes due heavy traffic raw square leicester street approaching road,1
crews building fire road,2
apartment side,4
person charged drug driving 3 car crash road,2
road charming freshness agreeable shade always prevail continuous bower,2
nsw road street,5
lanes westbound 1 bus lane lanes closed,4
bus breakdown http,4
buses travelling returning time earlier delays due heavy traffic road road,1
breakdown truck,4
started today,4
last updated today http,4
drive coffee road bless soul,2
north blocked broken vehicle western motorway approaching road,2
road completely cooked,2
suburb,4
location road approaching motorway,2
lanes westbound 1 lane 2 3 lanes http,4
driving along road hour passed lots clowns golden arches,2
auburn accident northbound saint road road,2
accident eastbound road,2
revitalisation,4
little fictions presents humans road http,3
tickets tonight little fictions humans road selling fast going http,3
nick make australia great signs road fuck distended monkey rectum,2
events humans road http sydney,3
charcoal delights carcinogens road,2
feeling spot belle crossing road,2
pop-up baby burgers food truck near gilbert toyota road,2
thank continuous support visit road http,3
crazy truck driver road illegal right turn went red lights speeding luckily nobody killed,2
traffic road subject changed traffic conditions suspected persons interest,1
road disgusting,2
traffic road postponed vacuous police detectives,1
hope sake leaving cursed side road,2
ideally set boutique complex six tightly held villas road much http,3
seeing balloons road near glebe today mean clowns coming,2
thursday 27 october footbridge theatre road university sydney,2
international law failed palestine prof john conversation w http,4
sydney road getting shiny new pub well http,3
man hospital following crowbar attack road http,3
glebe accident road broadway,2
accident road arlington street,5
merging takes jeep busy road concord http,3
traffic road time racist breakfast radio announcers,1
entry blocked new entry fee meters away,4
every thursday refunds two bands play bald faced stag front bar scenic road http,3
accident frederick street road,5
outright lies give drivers traffic alternative road see one use,1
closed road street looks like clearing bad accident,5
golden sunset sydney,4
breakdown outbound road road road,2
skinny building sydney,4
get breathalysed pretty much every morning en route road option,2
experienced peak hour canberra traffic civic flashbacks road sydney,1
got ta tell secret every single time road city terrible every time,2
heavy traffic westbound road road western motorway,1
interesting road scenic route,2
given mother cared enough push road young girl,2
man shameless comments reported holes road wont cower isis backbench,2
already congested stretch road lose lane next 2 years due http,3
dole queue banked miles along road avoid area,2
road never fails disappoint oh deaf troll drive still,2
road series traffic changes begin tonight http,3
finally reason cross road,2
wandering starving road finding nowhere open buying 5 pie infuriates,2
oh road bus idea oh stilettos know,2
nearly pushed girls road,2
buses delayed 15 minutes five dock due heavy traffic road,1
beauty road,2
motorists set longer crawl along road due build http,3
traffic congestion road tipped get worse gets better,1
major traffic changes road explain every commuter needs know,1
big squeeze motorists set longer crawl along sydney road due build http,3
route delayed 20 minutes due emergency road street auburn,5
wires eastbound road melbourne,2
slow traffic westbound road lucas,1
broken truck westbound road near brown street,5
model,4
check fantastic deals showroom,4
traffic road delayed vacuous financial advisers,1
saturday night,4
candys takeover,4
night missed,4
absolutely perfect size little convenient bottle store around corner road,2
psa 6 pack dry road vintage cellars,2
swear road always full taxis except one time want catch one,2
pomegranate turkish delight made road,2
road many gyms need bridal shops get taken gyms,2
broken truck westbound road dover,2
blocked broken vehicle westbound road approaching,2
major changes road store construction ramps http,3
warning road drivers major disruption next week reports,2
prepared traffic changes road mon 5 sept allow extra travel time,1
bye bye hello road exact http,3
surrounds fatality http,4
traffic road postponed suspected sick,1
pregnant pedestrian killed road http,3
woman died hit car road,2
every time get cold rate congested nose scale 0 road,2
another five star review,4
location clyde road,2
time 30 aug 1000,4
info hazard stationary vehicle,4
sandstone sydney university,4
ivy overgrown,4
traffic road buggered right-wing real estate agents,1
hard believe place road veggie garden actually twice,2
skate shop road logo weed leaf made skateboards know blasting sticky fingers 24/7,2
walking des road http,3
trying say road,2
yes lucy road continue turn right glebe heard abc http,3
blocked broken vehicle road west street,5
accident road church street street,5
nsw premier office space road walking distance italian forum amp http,3
update westbound lanes road open ross street flooding,5
australias 1st highway historic thriving http,4
road new jobs open spaces amenities housing targets drop,2
happy christening isabella,4
shop 2 road,2
info,4
fuck know staying road,2
road becomes friendlier safer cyclists pedestrians buses,2
primarily taking trucks road amount passenger rail improvement massive motorway,2
road 26 yrs later working 24/7 halve traffic congested corridor,1
traffic road cancelled nrl players,1
road nightmare sydney,2
challenge road political provide human space accused tunnel funnelling,2
road completely freaky,2
condemned summer hill new south wales,4
buses returning time earlier delays due heavy traffic road road,1
blue sky new south wales australia,4
ask ran across road make bus almost got run wow,2
great vision olympics gym busier road sydney peak hour,2
olympic gym,4
building housing children length diesel plus noise,4
help us ban diesel uk stop http green evs,4
many wedding dress shops road dot dot au,2
night works tonight sunday road harris road info http,3
road west corner johnston street know axe murderer,5
breakdown eastbound road underwood road,2
worry double standards exist nrl rename road 2 boulevard,2
accident road road salisbury road,2
accident crystal street south road,5
welcome road polices u improve part,2
hi scott fixing water road,2
night works tonight road info http,3
hi yes water turned fixing water footpath around road,2
tolls road christopher making connections,2
fixing water road temporarily stopped water service visit http updates,3
sold road,2
great creative day saturday publishing 75 road underwood free http,3
council concrete restoration night works scheduled road road fri 29 july info http,3
new design little dream couture,4
little veronica gown store,4
truck crash sends cars flying air road http,3
former albert dance hall opened,4
saturday day long walking enjoyable good times broadway road,2
buses using road returning time earlier delays due heavy traffic,1
buses back time delays due heavy traffic raw square leicester street approaching road,1
buses using road delayed 15 minutes due heavy traffic,1
buses delayed 10 minutes due heavy traffic raw square leicester street approaching road,1
hustle bustle road cars buses,2
think traffic saturday road,1
traffic road bad able change fuse pulling,1
road use work,2
tripped middle road officially time kill,2
ada lane access road,2
road la books penguins westerns modern novels http,3
juvenile detention,4
studio corner tomorrow evening road nsw sydney http,3
public signing session store opening tomorrow,4
85 road underwood,2
phone chooses tool saturday afternoon apocalypse road,2
statement sydney markets limited regarding sale 3 9 avenue road site http,3
road smells like actual shit today,2
summer hill blocked broken vehicle road dover street,5
burn deepest pits hell road,2
god damn sydney traffic,4
heavy traffic eastbound road,1
passionate rugby league fan,4
behind road,2
20 go stretch lead looks like white ribbon cup heading back road,2
travelling along road great see progress procrastination infrastructure government,2
traffic lights flashing yellow road johnston street,1
like location public transport little tram long walk central town hall stations road,2
think found pauline murdered shopping trolley road,2
road parkes street open following late finishing traffic normal area,1
road parkes street late finishing closed directions avoid area,5
grand opening friday road x,2
road irons documents preserves australia first highway stretch perpetually http,3
bus stop road david oil canvas height width available,2
launching friday road,2
along road,2
still think sydney perfect place 1000 turbine wind farm low transmission costs beautiful aesthetics,4
saw 20 online election coverage overnight road effect,2
stalled bus eastbound road,2
accident westbound road crystal,2
e r l b r road,2
tomorrow road monday housing estate building complex hills day,2
debris road north western motorway,2
another night aerial time looking road city road near http,3
lease road space great location,2
eastbound lanes open road hill breakdown,2
car broken road hill affecting eastbound traffic moderate delays,1
7 news 9 vehicle pileup road caused traffic chaos http,3
one woman trapped ploughs nine vehicles road,2
remember crossbench axed truck crash sends cars air road http,3
truck crash sends cars air road http news brisbane,3
take care,4
surrounds http,4
damage caused huge road one hurt,2
truck crash sends cars air road road closed http,3
buses delayed 35 minutes road vehicle accident avenue returned route,1
two three westbound lanes road reopened crash near avenue,2
update woman freed road crash six cars three trucks hit westbound,2
road closed westbound crash involving number cars,2
westbound lanes road closed near due accident involving truck http,3
road bit nightmare right truck ploughed 4 cars traffic,1
least one woman trapped truck ploughed four cars road http,3
attention avoid heading west road multiple car pile police scene,2
one woman trapped crashed four cars westbound lane police say,4
avoid heading huge several car accident,4
like wow probably road bus ever stop fucking footbridge theatre,2
bewitch fabrics window display presents winter blossom,4
visit us,4
manage moving west maybe nw problem going anywhere south road work north,2
library siesta cool band beautiful ode road feat brother kebabs,2
three ambulances full sirens speed east bound road,2
road gives shits,2
gave car estimate get ready sue result road traffic nirvana,1
many get road fully choked save mins cost 10,2
increase traffic road pr staff breaching,1
working give motorists alternative taking vehicles busy,4
park across bridge goes road,2
traveling road friday evening work one peek http,3
better shame refugee traffic chaos road http,3
road irons http,3
literally taken 1000 years get road make home time,2
appeal information following road rage incident road,2
man treated shock road rage incident road car smashed group men,2
totally chuffed c served inspiration latest clip road thanks,2
cool love put test tomorrow morning catch busses road crowding huge problem,2
walking road,2
yeah right road changed 30 years,2
major sigh building along road mistake,2
http sigh,4
secrets roads mysterious milk bar revealed 56 years milkshakes http,4
driver customer service road sydney australia climb recruitment retail jobs http,3
sydney fire holds road news http,3
update traffic returning normal road following earlier car motorcycle accident,1
two three lanes closed road due car motorcycle accident delays expected,5
beginning tire intersection trucks narrowness road west,2
snapped compelling bit advertising moving car road blessings,2
walked maybe along road beeped catcalled three times,2
regulate tax problem solved,4
seen road nsw,2
breakdown eastbound road crystal,2
1 3 westbound lanes remains blocked road following fire traffic heavy exercise caution,1
live wire became entangled traffic light road leading heavy traffic,1
sydney fire holds road traffic heavy directions sydney road http,3
yes bring one sydney australia,4
german group dreamt worlds first vertical takeoff landing electric jet http,4
way kick long weekend,4
road sold incredible,2
uncovered http thanks really bad,4
building road right 90s flashbacks looking sign,2
fast food inner west road squeezing local businesses,2
liked video http sydney road,3
sale level 4 5 road details http,3
anthony cross road sometime,2
found dog five dock sydney region,4
friendly black labrador found road near http,3
bloody shark road,2
see shark swimming road today,2
lower south shore south road,2
drive road stadium wow unbelievable,2
live inner west strip land road river also known upper south shore,2
closed due flooding drivers advised use road allow extra time travel,2
authorities closing road due severe weather,2
road dead already lots cars sitting dead flooded dips little bit rainy meanwhile blasting bike,2
road lovely yachts sailed,2
thankfully close road always traffic,1
road nsw lease,2
exit central railway square exit catch bus road get 3rd stop come library,2
spill westbound road good street,5
future road,2
images procession road,2
road literally flooded crazy,2
accident westbound road concord road,2
traffic road rooted disgraced former activists,1
road exhibition tribute life sydney thoroughfare http,3
traffic road outrageously expensive barristers,1
goodbye http,4
road traffic increase study shows http,3
congestion sydney costs 5 billion year action costs rise,4
http amazing zipping around sydney looking innovation creativity,4
traffic road cancelled bespoke local council members,1
update lanes near road concord open following earlier car accident oil spill,2
two three lanes closed approaching road concord due car accident oil spill,5
hate road,2
broken truck southbound james ruse drive road,2
north accident road george street,5
photograph road,2
many people photo shoots show road today edgy hip groovy,2
nothing romantic walking road travel pie one hand chocolate milk,2
road dump,2
2 days warehouse clearance event road auburn,2
missing road,2
irons road http,3
routes longer delayed road five dock heavy traffic eased,1
cunt road,2
city bound traffic westbound horrendous also allows road,1
great getting inside view artists studio great art,4
buses road broadway delayed 15 minutes due heavy traffic,1
knew gorgeous little place living busy old road,2
best seen stretch road look,2
eastbound worse westbound,4
gutters road running tears every kid getting let black wire friday,2
buses returning time earlier delays road due heavy traffic,1
great use metaphor road sucks,2
place road really knows target market slogan 24 happy hours day,2
roaming road retro soft film film rangefinder,2
auburn blocked broken vehicle northbound saint road road,2
road always delight,2
true pleb went another way road worst almost took hour get home,2
road closed directions due car fire emergency services scene near alfred street,5
road near blocked directions car fire,2
opening tonight irons road project space http,3
fence ploy fails derail road property sale http,3
nothing like driving road day night,2
percussion car hatchbacks slamming leaf blowers suv rear-ends corolla road,2
suns talented rental manager irons opening exhibition road tomorrow night http,3
tomorrow night exhibition road,2
link,4
image credit,4
road corridor consultation report shows people want less traffic better public transport http,3
accident road today around 8,2
traffic congestion road west street,1
road traffic,1
one lane closed road glebe front broadway shopping centre due accident,2
opening friday road,2
exhibition,4
website,4
fucking hideous little creep got elected hatred boats never arrived,4
trams road mean longer need car though,2
recently extended road clearways saturdays still heavily congested though,2
road looking quite beautiful captured,2
spectacle road sunset sky weather photo sydney australia,2
blocked broken vehicle southbound centenary drive road,2
accident westbound road street,5
better model put toll road tunnel toll-free,2
yes ill tunnel underneath road instead traffic surface,1
garden lodge road http,3
garden lodge,4
smoke pollution high sydney ca see city along haze,4
pan chats irons photography work upcoming solo exhibition road http,3
road shitty well road shows cars narrow lanes,2
accident westbound road east luke avenue,2
weird pictures show weird wacky sights road daily mail http random,3
pictures show weird wacky sights road daily mail http,3
pictures show weird wacky sights road sydney ugliest highway preserved http,3
road come know http,3
pictures show weird wacky sights road photographer irons brought life pa http,3
pictures show weird wacky sights road photographer irons,2
blind corner road time yeah real sensible many people nearly crashed nothing safety,2
bewitch fabrics couture fabric creations,4
grab stocks lasts,4
someone lives road sticking tunnel turning local road seems good,2
road peak hour death,2
popped records,4
photography exhibition reveals secrets road http,3
way road grab bargains,2
belongs road flogging used cars,2
home time monday done dusted road,2
road air sell well,2
driving road time makes want commit crime,2
light rail along road strike great idea considering bad traffic gets already,1
join next weekend along,4
got held bad traffic road,1
toll mike blair disaster road,2
buses going road tonight,2
photography exhibition reveals secrets road http sydney news,3
thanks going fun meeting sauntering along,4
traffic lanes road reopened car bike accident near harris road,1
williams showed 9 councils occupy road,2
tunnel provide alternative route road sydney version sydney road,2
take great delight number brothels nestled many wedding dress shops road,2
adjacent rat run road already capacity,2
blocked broken vehicle inbound road road,2
intersection road road,2
imaging started plant trees along road victoria road,2
planting tree reconciliation remembrance peace,4
bad pothole round cover westbound closer,4
sorry see made map road future reference,2
think mosquito bedroom actually illegal road fine,2
two hours two road hours travel 40 westbound tonight ever take twice time get home,2
finally waiting 25 mins road,2
nice u know road,2
clutch love road,2
hate road oh god,2
broken truck eastbound road james ruse drive,2
new fit distraction googled bead shop road drug front,2
apparently look though,4
u step human shit road,2
two n course road,2
bridges major nightmare road,2
ridiculous sell bout fixing road http,3
man treated hospital assaulted business road,2
stopped right lane road near sunday afternoon bad time,2
like going inner west side road voting greens next,2
fig trees road sneaks liars,2
trees residents angered trees cut road http,3
bulldozed fig trees corner road mons street photo luke sydney http,3
residents angered trees cut road expansion motorway http,3
residents angered trees cut road expansion motorway alexander http,3
obviously road pennant hills pacific highway waterloo,2
west accident road,2
buses using road returning time delays due heavy traffic glebe earlier,1
road locked,2
buses delayed 20 minutes road due heavy traffic,1
sydney chasing chihuahua road saturday http,3
buses returned timetable road heavy traffic earlier,1
road yay,2
big old fig butchered another tree road five dock think trees,2
mm better way start sunday morning walking road buying pouch petrol station 8,2
thanks update closed road,2
year old lady front adult store road,2
miss bible study,4
6 7 april,4
new south wales australia http,4
go sell used cars somewhere road may convince someone buying one fed,2
west accident northbound centenary drive south road,2
update three car accident road cleared traffic easing,1
accident road eastbound traffic heavy,1
traffic road stuffed embattled,1
fed ex truck traffic road road 3d,1
fed ex truck traffic road,1
road broadway,2
sure laziest black ants ever seen maybe due carbon road,2
walking tracks like road pennant hills road,2
reports woman early 30s struck fire truck near road west,2
leave house pick car 8 spend covering road good job sydney,2
accident road put mint bridge road glebe small car big truck,2
catch road right light turns polish turd,2
someone blow road buses,2
glebe pt road buses empty,2
road buses capacity,2
get together sydney,4
road sucks,2
traffic road surveillance racist local council members,1
see inbound kingston road near road due run 7 minutes late today sent,2
accident road rogers,2
route longer delayed road near road heavy traffic eased,1
road outside restaurant,2
joy road evening,2
one three eastbound lanes closed road road three car accident,2
girls playing tonight,4
bald faced stag road,2
3 http,4
saw dude walking road cup hat nearly fainted excitement,2
road less fury road,2
bus home road flowing like clogged,2
fruit hampers road nsw australia markets,2
one hour travel 21 ks sydney saturday thank road,2
take train walk park walk road take bus straight park,2
catch alumna beth hills quirky debut novella nostalgic celebration road milk bar http,3
council study investigate road light rail government failure examine public transport option http,3
auburn eastbound western motorway road road,2
blocked broken vehicle inbound road ross street,5
punt melbourne road,2
buses longer delayed heavy traffic road road,1
blocked broken vehicle eastbound road west james ruse drive,2
morning northbound traffic banked past city west link road,1
still busier road exactly backwater,2
developers snap road sites ahead upgrade,2
developers honing residential development http,4
new road project sees developers honing opportunities read http,3
nsw truck fire road road street,5
developers snap road site ahead upgrade property http,3
someone lit fucking gym fire road,2
big development along road good news developers,2
road renewal sparks developer demand lots http,3
road corridor become honey pot developers http sydney property,3
man bringing tolls back dog going clogging road,2
road renewal sparks developer demand http,3
road renewal sparks developer demand lots,2
update lanes reopened road five dock car overturned earlier traffic busy area,1
two three lanes closed road five dock due overturned car,2
accident eastbound road harris,2
see stadium road lot widening construction,2
road take traffic future less page 11 traffic modelling http,1
link tunnel connection road http,3
summer hill accident eastbound road liverpool road,2
sort looked like road ross crescent city west link,2
go map clear road tunnel,2
cheers ended road somehow,2
road starts mean stadium,2
get central catch bus road,2
west broken truck eastbound road centenary,2
buses travelling road broadway chippendale delayed 20 mins due heavy traffic,1
slow traffic westbound road james ruse,1
sydney creepy milk bar road http,3
come see us,4
worlds first http,4
reckon wastelands arterial roads theres lot shitty road,2
idea sitting 40 minute traffic jam road stretching back,1
concord broken truck road,2
near glebe gives,4
oh goes ambulance,4
constantly traffic loud,4
seconds later bedroom balcony overlooks road idiot,2
working history road based articles sydney illustrated news,2
sydney university pushes light rail line along road http,3
road rescue safe one appliance district 14 http amp amp amp,3
road rescue going district 14 rescue http amp amp amp,3
must sitting road dead end needs completing,2
one thing common,4
sydney road signage night road,2
happy open road saddest brothel,2
good shit road near auburn check,2
buses delayed 20 minutes due heavy traffic raw square leicester street road,1
fewer lanes motorists road public transport http sydney transport,3
accident westbound road cardigan street,5
name jangly song mentions road one line head,2
buses longer delayed summer hill earlier heavy traffic liverpool road road,1
major delays road,2
next 7 news cameras road used car yards raided accused winding back odometers,2
sydney car dealerships raided nsw police uncovering odometer tampering used cars http,4
raid started dream car city road trading suspended accused winding back used car odometers,2
accident eastbound road crystal,2
happy v day bouquet enjoy valentines road,2
service late arriving corner road bus,2
walk road id hit quicker baghdad less traffic better roads lame city,1
grandparents leased house road site part car yard,2
west accident westbound road bay,2
tunnel built road costing tax payers billion,2
drivers losers road http,3
state government announce plans build billion tunnel road http,3
fewer lanes motorists road public transport http news brisbane,3
drivers losers road http news,3
fewer lanes motorists road public transport http,3
forest lodge fallen tree eastbound road ross,2
campus entry road le earth,2
eastbound road newton,2
road river commuters use river enjoying alt trip sydney ferry,2
reception wedding dress shop road sydney black desk counter kitchens,2
mt open studio trail amp,4
accident road near bridge road,2
dude side feel like almost road,2
route delayed 10 minutes summer hill due heavy traffic liverpool road approaching road,1
buses returning timetable heavy traffic raw square leicester street road,1
lease 72 road details http,3
fun car game young woman driving solo road count many men see window open proceed,2
traffic lights working road good street,1
open studio trail,4
saturday 5 sunday 6 march,4
trouble finance understatement road,2
stalled vehicle westbound road railway,2
better tram crawling along road,2
back ever seen venue outside road never though,2
show 15 minutes city road across road bald faced stag,2
yes road oh dear fun,2
glebe accident westbound road glebe point road,2
public inquiries nsw council mergers kick http,4
blocked broken vehicle eastbound road hawthorne parade,2
beads shop road,2
road new jobs open spaces amenities housing http,3
pedestrian critical hit car road http,3
sydney pedestrian hit car truck road http,3
route buses returning time delays due truck pedestrian accident road,5
update diversion road lifted following earlier accident,2
stalled vehicle eastbound road concord,2
road closed pedestrian struck http,3
sydney pedestrian car truck road http,3
road closed pedestrian struck sydney morning herald rss news headlines http,3
auburn accident road street south,5
man fighting life hit car road taken hospital w head neck injuries,2
road closed pedestrian struck http sydney news,3
update traffic road standstill peak hour accident involving truck pedestrian http,3
reminded hellish peak hour traffic road morning never,1
concord oval cardiff arms park road,2
update motorists diverted westbound lane right turn lane road also closed,2
update lanes closed road due accident involving truck pedestrian street,5
route buses delayed 15 minutes due truck pedestrian accident road street,5
breaking lanes road closed heading city avoid road costs,2
buses delayed 15 minutes summer hill due heavy traffic liverpool road approaching road,1
car motorcycle collided accident street road delays expected,5
buses delayed 10 minutes due heavy traffic raw square leicester avenue approaching road,1
forest lodge spill road ross,2
accident northbound road road clear,2
north stalled vehicle eastbound western motorway approaching road,2
flash flooding affecting motorists road causing delays pic,2
currently driving back streets try avoid road series trenches cars trapped,2
old,4
comes sydney nsw,4
genuine electrified road light rail,2
pushing light rail line along road http,3
pushes line along road,2
accident westbound road,2
actually busses send bus road great bus load people sidewalk agree,2
ca actually remember one road went spreadsheet tho,2
really important future plans sydney university pushes light rail line along road http,3
good call sydney university pushes light rail line along road http,3
accident crystal street road road,5
recently lodged submission draft urban transformation strategy http,4
live eastern suburbs get living west road go gaol,2
old abandoned furniture showroom road sydney australia,2
blocked broken vehicle westbound road street,5
predicting turn ticker tape parade road greet thunder,2
nsw road traffic worst sydney needs done,1
navigates home road,2
burned husk road,2
street,4
1 3 westbound lanes closed approaching due car breakdown traffic heavy,1
traffic extra mile road,1
sydney actually fix things changed,4
road art work australian tom thompson http,3
route delayed 10 minutes due broken bus road station street auburn,5
west burst water main road west centenary drive,2
sydney road http,3
buses delayed northbound road approaching road earlier accident west,2
way avoiding road,2
closed completely two lanes closed fun trip work hope involved accidents okay,4
central road,2
traffic road outrageously expensive,1
creepy delights road,2
scary moment coming home work dog running across busy traffic road thankfully ok,1
map wall road,2
traffic lights road bold,1
breaking street closed due bomb threat road blocked road,5
wow got sexy dresses arrived road,2
sexy black beautiful,4
accident eastbound road approaching wattle street,5
road nsw http,3
busy stuck road,2
blocked broken vehicle road james ruse drive exit,2
concord park nsw feeling blessed road http,3
1 3 westbound lanes closed road truck breakdown http,3
route buses longer delayed heavy traffic road auburn,1
road heading insane sydney traffic,1
added last back lets dance filmed city road part road ultimo tech watching,2
question living road sydney,2
really surprises stock available online try collect road auburn store,2
put toll road,2
yes,4
like six guitar shops road exact times equipment sale,2
takes forever get anywhere cause spend time avoiding road,2
today inaugural sydney cannabis rally,4
victoria park,4
road broadway sydney,2
currently torn road river though james ruse drive also appeals resume,2
memory 90 street racing sydney auburn around hotel road great pub back http,3
spearmint milkshake olympia milk bar road traditional,2
nsw auburn road,2
car accident west bound lane 3,4
shout bag dicks road swerved gutter splash water way home shops,2
2 car accident rocky point road jubilee northbound,2
car breakdown road near westbound,2
road realness motel,2
nice cellars road usual choice place way significantly though,2
many wedding dress shops road important wednesday night questions,2
auburn blocked broken vehicle westbound road road,2
dresses road sale 100,2
sale http,4
risking life road,2
road http http,3
found dog,4
found neighbors street near road street male http,5
pass road near m2 sydney clone,2
starts 27th december,4
57 road concord,2
link http,4
road scary,2
summer hill traffic congestion hume highway south road,1
road bridge road contain retail commercial activities 84,2
xmas sale,4
135 road 150,2
conditions apply,4
selected items including http,4
kissed clear sydney sky,4
famous sydney buses,4
drove road,2
gave cold sore,4
cannabis rally sydney,4
saturday 9 january,4
free weed http,4
decide broadway road running light rail like george street chance blown,5
first experience car almost wiped road upside invented new delightfully colourful cursing,2
call always answer road,2
road light rail instead http sydney,3
revitalise road http,3
sign petition revitalise road http,3
distance based tolling like equivalent tolls long distance travel road trick,2
proposing changes road say dec 18,2
road medical centre nsw australia http,3
jenny thai treatment centre road http,3
idiots road,2
3 days offer 25 bridesmaids dresses store 135 road offer ends sunday 13th dec,2
john broadcasting live auburn come see road,2
everywhere flooded highlighted terrible road truly city,2
accident eastbound road hill road,2
blocked broken vehicle westbound road walker street,5
bus goes along road past,2
calls 20 years ago rail trench road beautification even athens 3 line metro,2
4 heavens sake dinky little trains make things worse serious proper metro road,2
buses returning time liverpool road summer hill delays due heavy traffic approaching road,1
may need life sports hats coach road,2
spotted road last week,2
road safe one appliance district 14 http amp amp amp,3
auburn traffic congestion eastbound road road,1
http saw outside pub road today keen,3
actually good album listening traffic road man truly care staying one lane,1
glebe accident eastbound road ross,2
drop town hall tomorrow chat team future,4
motorbike rider cut truck slammed plate glass window road,2
live periscope road,2
liked video http small crane road,3
small crane road,2
whole road corridor shot sun,2
article road indian telegraph,2
pedestrian mobility accessibility strategy road renewal,2
day 16 road photography,2
dinner time lines http,4
place sydney m2,4
tonight story begins road soft serve machine order air ripe,2
accident frederick street south road,5
traffic lights blacked anticlockwise road lyons road,1
rh turns take peak hour traffic queue lights,4
traffic lights working road bold street,1
dealer road couple look restored lot idea pricing condition,2
exhibited proposals road redevelopment review add comments,2
ready breakfast eat hearty tonight dine red rooster road,2
yay spartans back,4
extremely hazardous condition road great north road,2
written close yet wrong side road,2
highlight day seeing woman road wearing pants kind pants,2
new discusses growth craft around road http,3
looked nasty http,4
buses road returning time earlier delays due car accident,1
buses longer diverting road earlier car acc delayed 25 minutes,1
ca believe put green lane need word describe road effect,2
actually across road construction workers along road,2
accident westbound road east concord road,2
road absolutely nothing miss,2
buses delayed 20 minutes road due heavy traffic earlier accidents,1
glebe festival glebe point road bridge road road,2
road way city past dealership,2
road around corner north,2
friday evening road raining always forget traffic every damn time,1
current situation bus sending water wave pedestrians road bus hydroplanes getting walking,2
drop town hall sat 14 nov future,4
go road see heaps many makes excited,2
gardiner things make great stop road,2
driver thought wasted took alexandria road,2
sydney shop coming life nearly full,4
located road auburn nsw,2
good morning manila equivalent road peak hour much worse http,3
public meeting tonight town hall road urban renewal strategy http,3
stall today come find nothing fixing road,2
come check fabulous miss see stop festival gate 9 church,4
uncertainty road development plans ready http nsw government,3
please share page help us impact new road strategy,2
accident eastbound road frederick street,5
silk road road,2
may need apologise people road different issue,2
road plans leaving community developers limbo urban http,3
road plans taking long leaving community developers limbo,2
info event future chance get right info http,4
slow traffic eastbound road,1
property developers circling road plans finalised,2
wary developers offering buy home along road http,3
developers circle sites near road http,3
road developers circling plans complete residents area slated development http,3
unleashed plan place protect homeowners http,4
hope harassed homeowners fully aware pitfalls signing agreements http,4
australia news road developers begin circling plans complete http,3
road developers begin circling plans complete http,3
love old milk bar one road still going strange place straws,2
theres car stuck broken lane 1 eastbound road lights,2
wires eastbound road street,5
things see road big sydney dog,2
stalled vehicle road alt street,5
olympia milk bar road still open,2
favourite line far road past broadway girls sunny sunny day,2
love hanging road though sunday peak hour traffic worse weekday peaks,1
road stores mean car yards yes,2
great seeing support road,2
one courts delayed way battling road,2
looking forward 2 event judiciary serve people nsw,4
workers cleaning concrete spill road near james ruse drive 1 lane closed,2
blue always blue unlike friends west road,2
broken truck westbound road frederick,2
anticipatory gather road,2
nsw parliament planning road bays precinct sydney,2
http open,4
looks bumpier road,2
west burst water main westbound road road,2
somewhere road,2
whole swathe road ripe judicious application high explosives,2
wait road reckon aircraft noise problem,2
stalled vehicle eastbound road,2
chronic delays westbound road paddys overpass far eye see,2
commute morning road pouring rain dazzling sunshine glorious sydney spring,2
open letter road http,3
buy stiletto building enjoy high yield road strip australian financial review http,3